{
  "hash": "856fca0e",
  "configHash": "52b6ffcc",
  "lockfileHash": "e3b0c442",
  "browserHash": "f465fcd4",
  "optimized": {
    "@angular/core": {
      "src": "../../../../../../angular18/node_modules/@angular/core/fesm2022/core.mjs",
      "file": "@angular_core.js",
      "fileHash": "7b607db5",
      "needsInterop": false
    },
    "@angular/platform-browser": {
      "src": "../../../../../../angular18/node_modules/@angular/platform-browser/fesm2022/platform-browser.mjs",
      "file": "@angular_platform-browser.js",
      "fileHash": "7416fc98",
      "needsInterop": false
    },
    "@angular/router": {
      "src": "../../../../../../angular18/node_modules/@angular/router/fesm2022/router.mjs",
      "file": "@angular_router.js",
      "fileHash": "657963d9",
      "needsInterop": false
    },
    "@angular/common/http": {
      "src": "../../../../../../angular18/node_modules/@angular/common/fesm2022/http.mjs",
      "file": "@angular_common_http.js",
      "fileHash": "c6a0dde3",
      "needsInterop": false
    },
    "@angular/forms": {
      "src": "../../../../../../angular18/node_modules/@angular/forms/fesm2022/forms.mjs",
      "file": "@angular_forms.js",
      "fileHash": "78052465",
      "needsInterop": false
    }
  },
  "chunks": {
    "chunk-M7ZORXZJ": {
      "file": "chunk-M7ZORXZJ.js"
    },
    "chunk-URG6FK56": {
      "file": "chunk-URG6FK56.js"
    },
    "chunk-2IMGQDKY": {
      "file": "chunk-2IMGQDKY.js"
    },
    "chunk-RER7N4J3": {
      "file": "chunk-RER7N4J3.js"
    }
  }
}